Datum;Erster;Hoch;Tief;Schlusskurs;Volumen
2017-12-29;12.980,09;12.980,74;12.911,73;12.917,64;1.905.806.208
2017-12-28;13.065,46;13.069,4;12.965,28;12.979,94;1.887.629.824
2017-12-27;13.070,19;13.128,74;13.020,43;13.070,02;1.889.042.304
2017-12-22;13.076,76;13.108,56;13.059,87;13.072,79;2.209.634.560
2017-12-21;13.065,79;13.137,71;13.013,63;13.109,74;2.903.895.040
2017-12-20;13.244,27;13.252,67;13.026,11;13.069,17;3.439.356.160
2017-12-19;13.314,73;13.338,91;13.213,19;13.215,79;2.952.139.008
2017-12-18;13.211,63;13.331,95;13.206,12;13.312,3;4.000.989.184
2017-12-15;13.027,84;13.109,13;13.008,07;13.103,56;8.472.455.168
2017-12-14;13.107,11;13.159,48;13.011,97;13.068,08;4.560.358.400
2017-12-13;13.148,52;13.188,07;13.120,4;13.125,64;3.855.428.608
2017-12-12;13.131,41;13.183,83;13.079,86;13.183,53;3.326.225.152
2017-12-11;13.181,85;13.192,42;13.112,82;13.123,65;3.050.822.656
2017-12-08;13.146,82;13.240,92;13.136,78;13.153,7;4.163.546.880
2017-12-07;13.026,3;13.083,08;12.989;13.045,15;3.186.448.384
2017-12-06;12.897,43;13.033,75;12.864,68;12.998,85;3.740.091.904
2017-12-05;13.056,82;13.094,38;12.960,59;13.048,54;3.666.279.168
2017-12-04;13.038,77;13.117,75;12.974,32;13.058,55;47.869.467.418
2017-12-01;13.044,15;13.064,29;12.810,13;12.861,49;5.229.842.432
2017-11-30;13.060,56;13.177,57;13.023,98;13.023,98;5.548.789.760
2017-11-29;13.153,74;13.196,15;13.037,34;13.061,87;4.140.328.448
2017-11-28;13.008,94;13.071,01;12.966,38;13.059,53;2.894.517.248
2017-11-27;13.036,74;13.117,76;12.989,37;13.000,2;2.782.367.744
2017-11-24;13.023,52;13.160,81;12.981,68;13.059,84;2.922.239.488
2017-11-23;12.943,49;13.049,08;12.921,15;13.008,55;2.835.995.392
2017-11-22;13.171,36;13.191,96;13.008,97;13.015,04;3.402.470.400
2017-11-21;13.042,94;13.209,01;13.026,77;13.167,54;4.453.454.336
2017-11-20;12.932,81;13.085,17;12.926,13;13.058,66;3.754.576.640
2017-11-17;13.051,71;13.089,72;12.984,67;12.993,73;4.207.133.440
2017-11-16;13.024,39;13.071,94;13.008,02;13.047,22;3.647.109.376
2017-11-15;12.963,09;12.996,12;12.847,88;12.976,37;4.432.092.672
2017-11-14;13.101,09;13.139,27;13.000,15;13.033,48;3.648.991.488
2017-11-13;13.150,78;13.163,94;12.960,65;13.074,42;3.943.703.296
2017-11-10;13.206,35;13.216,97;13.111,65;13.127,47;4.610.772.992
2017-11-09;13.378,96;13.402,05;13.175,22;13.182,56;5.662.209.024
2017-11-08;13.404,58;13.419,77;13.345,11;13.382,42;4.166.381.568
2017-11-07;13.517,98;13.525,56;13.369,85;13.379,27;3.757.120.768
2017-11-06;13.459,42;13.481,23;13.441,66;13.468,79;3.314.196.736
2017-11-03;13.476,53;13.505,01;13.430,22;13.478,86;3.667.738.368
2017-11-02;13.448,52;13.460,86;13.405,91;13.440,93;3.934.656.512
2017-11-01;13.342,44;13.488,59;13.341,3;13.465,51;5.515.625.984
2017-10-30;13.227,85;13.255,38;13.214,6;13.229,57;3.229.586.688
2017-10-27;13.186,55;13.249,03;13.186,55;13.217,54;4.845.038.080
2017-10-26;12.955,43;13.144,65;12.940,83;13.133,28;4.729.647.104
2017-10-25;12.998,44;13.049,47;12.931,22;12.953,41;3.460.115.200
2017-10-24;12.998,66;13.055,65;12.983,38;13.013,19;3.653.039.360
2017-10-23;13.014,57;13.069,4;12.973,43;13.003,14;2.843.679.744
2017-10-20;13.057,78;13.063,57;12.956,42;12.991,28;4.064.460.800
2017-10-19;13.036,28;13.042,62;12.911,58;12.990,1;3.730.923.008
2017-10-18;13.012,8;13.094,76;13.003,92;13.043,03;2.803.077.888
2017-10-17;12.995,84;13.034,42;12.967,35;12.995,06;2.883.256.320
2017-10-16;13.017,18;13.026,45;13.000,38;13.003,7;2.401.640.960
2017-10-13;12.995,08;13.036,74;12.964,35;12.991,87;2.750.633.728
2017-10-12;12.977,27;13.002,34;12.945,07;12.982,89;2.814.714.624
2017-10-11;12.965,28;12.976,32;12.925,24;12.970,68;2.694.313.472
2017-10-10;12.959,72;12.980,45;12.909,28;12.949,25;2.743.658.240
2017-10-09;12.975,86;12.996,64;12.943,55;12.976,4;2.230.376.448
2017-10-06;12.979,34;12.993,53;12.941,15;12.955,94;2.877.254.912
2017-10-05;12.950,18;12.969,4;12.933,56;12.968,05;3.257.734.400
2017-10-04;12.955,89;12.976,24;12.893,75;12.970,52;4.415.460.352
2017-10-02;12.866,27;12.902,65;12.849,59;12.902,65;2.997.632.512
2017-09-29;12.725,87;12.828,86;12.722,38;12.828,86;4.643.141.632
2017-09-28;12.682,37;12.708,7;12.666,03;12.704,65;3.131.373.824
2017-09-27;12.630,4;12.685,19;12.625,55;12.657,41;3.169.079.040
2017-09-26;12.557,44;12.629,93;12.551,87;12.605,2;3.113.453.568
2017-09-25;12.573,35;12.633,06;12.564,84;12.594,81;2.733.741.568
2017-09-22;12.569,66;12.646,56;12.568,8;12.592,35;2.943.187.456
2017-09-21;12.601,95;12.621,28;12.582,04;12.600,03;3.017.556.224
2017-09-20;12.550,92;12.593,25;12.518,22;12.569,17;2.994.879.488
2017-09-19;12.556,46;12.566,2;12.527,9;12.561,79;2.757.169.664
2017-09-18;12.593,55;12.613,56;12.537,07;12.559,39;2.313.112.576
2017-09-15;12.525,36;12.561,35;12.506,94;12.518,81;8.478.350.848
2017-09-14;12.524,12;12.552,16;12.499,55;12.540,45;3.496.504.576
2017-09-13;12.489,25;12.565,85;12.489,25;12.553,57;3.332.067.072
2017-09-12;12.527,44;12.558,03;12.512,59;12.524,77;3.249.353.984
2017-09-11;12.381,52;12.481,77;12.381,33;12.475,24;3.402.198.528
2017-09-08;12.261,81;12.321,61;12.245,33;12.303,98;2.494.710.784
2017-09-07;12.284,14;12.363,6;12.265,51;12.296,63;3.748.508.160
2017-09-06;12.071,9;12.260,76;12.066,84;12.214,54;3.502.238.720
2017-09-05;12.125,42;12.210,25;12.100,26;12.123,71;2.907.296.768
2017-09-04;12.051,8;12.138,41;12.050,53;12.102,21;1.721.647.488
2017-09-01;12.101,15;12.191,23;12.085,31;12.142,64;2.914.595.072
2017-08-31;12.098,57;12.115,55;12.034,18;12.055,84;3.191.564.032
2017-08-30;12.026,45;12.040,82;11.989,61;12.002,47;2.261.994.752
2017-08-29;12.031,12;12.032,32;11.868,84;11.945,88;3.785.704.960
2017-08-28;12.105,49;12.173,53;12.064,36;12.123,47;1.632.083.200
2017-08-25;12.194,73;12.249,44;12.132,5;12.167,94;2.310.819.072
2017-08-24;12.196,18;12.254,75;12.169,54;12.180,83;2.514.213.888
2017-08-23;12.227,23;12.269,92;12.155,74;12.174,3;28.639.865.905
2017-08-22;12.151,76;12.234,79;12.124,15;12.229,34;2.657.434.112
2017-08-21;12.105,72;12.149,58;12.021,7;12.065,99;2.467.628.544
2017-08-18;12.103,51;12.178,09;12.080,74;12.165,19;3.535.712.000
2017-08-17;12.236,6;12.290,05;12.184,27;12.203,46;2.679.685.888
2017-08-16;12.250,02;12.301,4;12.240,83;12.263,86;2.648.386.560
2017-08-15;12.208,3;12.234,64;12.156,87;12.177,04;2.171.902.208
2017-08-14;12.100,17;12.195,43;12.097;12.165,12;2.808.217.600
2017-08-11;11.961,6;12.046,89;11.934,92;12.014,06;3.398.780.416
2017-08-10;12.158,69;12.158,92;11.993,73;12.014,3;3.560.450.048
2017-08-09;12.191,37;12.227,52;12.100,12;12.154;3.881.572.864
2017-08-08;12.239,78;12.329,97;12.184,59;12.292,05;2.745.082.368
2017-08-07;12.305,74;12.336;12.225,77;12.257,17;2.685.603.072
2017-08-04;12.138,09;12.321,98;12.123,66;12.297,72;3.889.036.032
2017-08-03;12.130,76;12.184,6;12.099,13;12.154,72;3.325.780.224
2017-08-02;12.269,9;12.275;12.153,54;12.181,48;3.465.066.496
2017-08-01;12.147,89;12.302,38;12.092,06;12.251,29;3.475.139.328
2017-07-31;12.141,53;12.210,3;12.097,36;12.118,25;3.492.200.960
2017-07-28;12.151,38;12.183,77;12.098,57;12.162,7;4.001.679.616
2017-07-27;12.230,09;12.293,9;12.176,02;12.212,04;4.196.173.056
2017-07-26;12.260,3;12.341,03;12.255,74;12.305,11;3.431.507.712
2017-07-25;12.228,32;12.301,67;12.211,14;12.264,31;3.213.981.952
2017-07-24;12.228,63;12.235,85;12.142,01;12.208,95;3.894.768.128
2017-07-21;12.424,8;12.464,12;12.190,89;12.240,06;5.815.616.512
2017-07-20;12.514,84;12.575,52;12.392,19;12.447,25;3.928.336.384
2017-07-19;12.468,06;12.475,17;12.418,67;12.452,05;2.826.546.176
2017-07-18;12.540,93;12.572,86;12.384,61;12.430,39;3.561.901.056
2017-07-17;12.652,37;12.656,13;12.542,96;12.587,16;2.271.566.848
2017-07-14;12.642,65;12.662,01;12.577,33;12.631,72;2.885.417.728
2017-07-13;12.614,13;12.676,52;12.613,52;12.641,33;3.498.449.152
2017-07-12;12.469,85;12.648,19;12.468,16;12.626,58;3.768.781.312
2017-07-11;12.479,67;12.539,18;12.417,85;12.437,02;3.022.509.312
2017-07-10;12.464,96;12.482,95;12.406,2;12.445,92;2.576.311.552
2017-07-07;12.376,19;12.388,68;12.339,91;12.388,68;2.885.903.104
2017-07-06;12.474,51;12.490,72;12.316,43;12.381,25;4.394.921.984
2017-07-05;12.432,41;12.496,82;12.406,69;12.453,68;3.311.791.616
2017-07-04;12.413,6;12.481,81;12.411,56;12.437,13;2.354.795.520
2017-07-03;12.396,34;12.486,29;12.390,73;12.475,31;3.124.553.728
2017-06-30;12.424,5;12.459,69;12.319;12.325,12;4.528.308.224
2017-06-29;12.707,48;12.729,18;12.396,13;12.416,19;4.343.088.640
2017-06-28;12.586,06;12.671,28;12.536,86;12.647,27;3.415.607.808
2017-06-27;12.728,5;12.751,2;12.644,95;12.671,02;3.369.549.824
2017-06-26;12.783,89;12.841,31;12.752,75;12.770,83;2.447.185.152
2017-06-23;12.757,97;12.787,22;12.677,4;12.733,41;2.642.607.616
2017-06-22;12.758,66;12.806,02;12.717,29;12.794;2.794.121.728
2017-06-21;12.792,32;12.804,42;12.708,99;12.774,26;2.611.018.240
2017-06-20;12.938,04;12.951,54;12.814,76;12.814,79;2.895.308.032
2017-06-19;12.849,99;12.912,85;12.833,01;12.888,95;2.855.712.768
2017-06-16;12.746,05;12.762,35;12.707,59;12.752,73;8.844.028.928
2017-06-15;12.801,91;12.804,47;12.620,9;12.691,81;4.548.417.024
2017-06-14;12.798,26;12.921,17;12.788,7;12.805,95;4.139.290.624
2017-06-13;12.739,5;12.790,3;12.727,83;12.764,98;2.894.337.024
2017-06-12;12.760,39;12.782,73;12.666,39;12.690,44;3.596.160.768
2017-06-09;12.711,53;12.821,03;12.711,53;12.815,72;3.179.367.168
2017-06-08;12.688,54;12.740,36;12.684,71;12.713,58;2.979.014.400
2017-06-07;12.659,97;12.746,42;12.640,52;12.672,49;3.527.472.640
2017-06-06;12.768,46;12.788,34;12.679,58;12.690,12;3.494.018.816
2017-06-02;12.735;12.878,59;12.734,78;12.822,94;3.475.570.432
2017-06-01;12.623,61;12.677,6;12.621,53;12.664,92;3.132.895.232
2017-05-31;12.612,52;12.709,13;12.582,8;12.615,06;4.660.932.608
2017-05-30;12.583,82;12.648,1;12.567,22;12.598,68;2.643.769.088
2017-05-29;12.588,8;12.633,37;12.578,58;12.628,95;1.374.671.360
2017-05-26;12.604,4;12.611,49;12.529,51;12.602,18;2.618.978.048
2017-05-25;12.693,84;12.697,66;12.543,77;12.621,72;2.231.455.232
2017-05-24;12.631,39;12.662,05;12.617,76;12.642,87;2.834.139.392
2017-05-23;12.597,54;12.703,74;12.593,33;12.659,15;3.208.552.704
2017-05-22;12.664,97;12.670,26;12.571,06;12.619,46;2.801.349.376
2017-05-19;12.612,3;12.658,55;12.596,72;12.638,69;4.241.730.560
2017-05-18;12.608,19;12.634,26;12.489,95;12.590,06;4.626.425.856
2017-05-17;12.700,12;12.786,89;12.587,45;12.631,61;3.901.013.248
2017-05-16;12.787,69;12.841,66;12.776,02;12.804,53;2.946.457.600
2017-05-15;12.824,05;12.832,29;12.729,49;12.807,04;3.011.169.024
2017-05-12;12.728,84;12.771;12.714,38;12.770,41;3.859.801.600
2017-05-11;12.767,13;12.772,88;12.662,49;12.711,06;3.718.262.016
2017-05-10;12.728,97;12.776,08;12.715,67;12.757,46;3.548.618.496
2017-05-09;12.732,74;12.783,23;12.703,96;12.749,12;3.417.250.304
2017-05-08;12.758,48;12.762,04;12.659,7;12.694,55;3.520.581.888
2017-05-05;12.601,46;12.718,66;12.591,75;12.716,89;3.931.443.712
2017-05-04;12.552,06;12.648,22;12.539,71;12.647,78;3.838.418.432
2017-05-03;12.502,36;12.532,25;12.477,87;12.527,84;3.395.062.272
2017-05-02;12.478,46;12.511,17;12.433,51;12.507,9;3.786.837.504
2017-04-28;12.417,89;12.462,11;12.414,1;12.438,01;4.240.471.296
2017-04-27;12.440,01;12.478,28;12.426,99;12.443,79;3.976.274.944
2017-04-26;12.466,5;12.486,29;12.442,37;12.472,8;3.511.336.192
2017-04-25;12.457,83;12.482,9;12.439,11;12.467,04;3.745.046.528
2017-04-24;12.296,56;12.456,18;12.289,37;12.454,98;6.189.152.256
2017-04-21;12.032,78;12.091,33;12.009,12;12.048,57;4.279.096.064
2017-04-20;11.968,06;12.050,66;11.941,57;12.027,32;3.071.523.328
2017-04-19;12.014,03;12.040,23;12.001,86;12.016,45;2.923.603.456
2017-04-18;12.135,61;12.162,47;11.996,74;12.000,44;3.319.585.280
2017-04-13;12.137,57;12.147,7;12.089,94;12.109;2.756.005.888
2017-04-12;12.174,96;12.242,76;12.123,12;12.154,7;2.868.117.760
2017-04-11;12.149,4;12.221,43;12.049,93;12.139,35;3.128.939.264
2017-04-10;12.244,5;12.246,88;12.178,1;12.200,52;2.085.668.096
2017-04-07;12.174,51;12.225,06;12.144,98;12.225,06;2.747.761.920
2017-04-06;12.147,37;12.242,5;12.119,04;12.230,89;2.800.039.680
2017-04-05;12.280,06;12.293,13;12.212,17;12.217,54;3.087.911.168
2017-04-04;12.255,72;12.288,78;12.225,38;12.282,34;3.661.636.608
2017-04-03;12.368,82;12.375,58;12.256,94;12.257,2;3.161.620.224
2017-03-31;12.241,57;12.313,29;12.230,17;12.312,87;3.991.888.640
2017-03-30;12.220,64;12.258,37;12.200,34;12.256,43;2.926.485.248
2017-03-29;12.195,86;12.233,76;12.180,83;12.203;3.387.489.536
2017-03-28;12.062,69;12.158,72;12.045,17;12.149,42;3.204.567.552
2017-03-27;11.957,65;11.996,35;11.916,07;11.996,07;3.037.007.360
2017-03-24;12.033,27;12.082,67;12.010,33;12.064,27;3.150.825.216
2017-03-23;11.914,2;12.043,67;11.896,68;12.039,68;3.014.812.416
2017-03-22;11.870,78;11.934,35;11.850,27;11.904,12;3.632.624.384
2017-03-21;12.083,01;12.111,24;11.938,42;11.962,13;4.164.479.232
2017-03-20;12.050,81;12.082,31;12.033,24;12.052,9;3.016.690.432
2017-03-17;12.039,24;12.117,9;12.018,27;12.095,24;6.839.700.480
2017-03-16;12.140,3;12.156,44;12.046,07;12.083,18;4.289.922.304
2017-03-15;12.000,44;12.027,05;11.977,32;12.009,87;3.230.866.944
2017-03-14;11.987,34;12.002,75;11.930,38;11.988,79;3.455.290.624
2017-03-13;11.954,8;12.006,01;11.949,03;11.990,03;2.785.074.432
2017-03-10;12.018,48;12.067,07;11.936,81;11.963,18;3.578.962.944
2017-03-09;11.923,51;12.024,7;11.917,78;11.978,39;3.781.508.864
2017-03-08;11.922,86;12.017,28;11.922,31;11.967,31;3.586.542.336
2017-03-07;11.963,76;11.988,87;11.935,33;11.966,14;2.710.289.664
2017-03-06;11.956,81;11.998,83;11.921,57;11.958,4;2.979.907.840
2017-03-03;11.998,06;12.058,21;11.995,4;12.027,36;3.248.293.120
2017-03-02;12.052,8;12.082,59;12.041,9;12.059,57;2.877.343.488
2017-03-01;11.915,03;12.074,02;11.913,84;12.067,19;3.904.585.472
2017-02-28;11.847,09;11.853,5;11.780,83;11.834,41;2.882.963.456
2017-02-27;11.858,14;11.860,82;11.792,51;11.822,67;2.441.525.504
2017-02-24;11.920,9;11.934,64;11.722,35;11.804,03;3.961.140.224
2017-02-23;11.994,06;12.015,98;11.925,88;11.947,83;2.880.619.264
2017-02-22;11.989,71;12.031,11;11.966,02;11.998,59;3.820.116.736
2017-02-21;11.817,97;11.987,58;11.798,48;11.967,49;3.242.747.904
2017-02-20;11.831,71;11.841,06;11.804,72;11.827,62;2.027.491.584
2017-02-17;11.759,57;11.775,4;11.693,7;11.757,02;3.721.179.136
2017-02-16;11.778,99;11.814,7;11.728,38;11.757,24;2.769.516.800
2017-02-15;11.834,48;11.848,04;11.725,38;11.793,93;2.945.084.160
2017-02-14;11.766,99;11.787,82;11.752,68;11.771,81;2.499.493.632
2017-02-13;11.697,99;11.812,69;11.684,91;11.774,43;2.599.375.872
2017-02-10;11.698,7;11.711,55;11.645,13;11.666,97;2.758.938.368
2017-02-09;11.584,4;11.657,24;11.548,18;11.642,86;3.498.646.272
2017-02-08;11.546,93;11.591,26;11.479,78;11.543,38;3.444.828.416
2017-02-07;11.498,49;11.606,26;11.483,83;11.549,44;2.854.480.896
2017-02-06;11.628,03;11.679,91;11.509,58;11.509,84;3.605.544.960
2017-02-03;11.636,23;11.696,94;11.627,98;11.651,49;3.025.522.688
2017-02-02;11.628,28;11.675,98;11.603,65;11.627,95;3.666.137.344
2017-02-01;11.646,42;11.723,39;11.622,6;11.659,5;3.874.852.864
2017-01-31;11.692,53;11.733,16;11.535,31;11.535,31;3.955.432.448
2017-01-30;11.786,31;11.792,33;11.659,35;11.681,89;2.920.500.480
2017-01-27;11.841,72;11.844,68;11.798,26;11.814,27;2.860.830.208
2017-01-26;11.867,91;11.893,08;11.819,76;11.848,63;3.425.865.984
2017-01-25;11.677,63;11.827,73;11.669,3;11.806,05;4.289.231.616
2017-01-24;11.554,8;11.596,18;11.538,05;11.594,94;3.009.022.464
2017-01-23;11.545,97;11.605,29;11.508,83;11.545,75;3.007.730.688
2017-01-20;11.568,9;11.636,79;11.547,04;11.630,13;4.065.630.464
2017-01-19;11.624,11;11.644,88;11.578,91;11.596,89;3.037.434.624
2017-01-18;11.592,12;11.599,39;11.529,76;11.599,39;2.718.115.072
2017-01-17;11.521,5;11.583,43;11.425,14;11.540;2.996.372.224
2017-01-16;11.537,45;11.579,05;11.535,96;11.554,71;2.150.898.688
2017-01-13;11.576,78;11.635,55;11.554,45;11.629,18;2.948.283.392
2017-01-12;11.599,24;11.606,43;11.491,87;11.521,04;3.546.258.432
2017-01-11;11.587,53;11.692,27;11.524,99;11.646,17;3.500.303.360
2017-01-10;11.583,24;11.606,95;11.544,99;11.583,3;3.187.543.296
2017-01-09;11.606,89;11.606,89;11.522,35;11.563,99;3.245.823.488
2017-01-06;11.560,52;11.605,74;11.547,05;11.599,01;2.471.523.072
2017-01-05;11.537,73;11.602,54;11.537,4;11.584,94;2.888.647.680
2017-01-04;11.609,53;11.616,09;11.531,43;11.584,31;2.927.054.336
2017-01-03;11.631,7;11.637,37;11.561,23;11.584,24;3.353.522.432
2017-01-02;11.426,38;11.617,28;11.414,82;11.598,33;1.758.606.720
2016-12-30;11.443,31;11.481,66;11.405,77;11.481,06;1.696.761.472
2016-12-29;11.411,36;11.459,19;11.404,82;11.451,05;1.569.502.592
2016-12-28;11.469,45;11.475,89;11.459,4;11.474,99;1.625.874.944
2016-12-27;11.457,91;11.481,46;11.451,55;11.472,24;1.068.404.352
2016-12-23;11.477,23;11.480,18;11.409,43;11.449,93;1.741.272.064
2016-12-22;11.444,41;11.475,76;11.428,77;11.456,1;2.054.211.712
2016-12-21;11.445,23;11.479,88;11.440,29;11.468,64;2.512.891.392
2016-12-20;11.415,3;11.472,08;11.406,95;11.464,74;3.202.507.264
2016-12-19;11.384,03;11.426,7;11.380,12;11.426,7;2.816.858.624
2016-12-16;11.368,64;11.451,57;11.357,15;11.404,01;7.778.210.304
2016-12-15;11.267,03;11.387,11;11.267,03;11.366,4;5.132.720.128
2016-12-14;11.254,47;11.281,43;11.235,24;11.244,84;3.154.472.448
2016-12-13;11.194,67;11.300,44;11.191,64;11.284,65;3.494.441.984
2016-12-12;11.198,42;11.213,04;11.141,86;11.190,21;3.117.105.152
2016-12-09;11.170,18;11.231,69;11.145,98;11.203,63;3.674.611.456
2016-12-08;11.035,76;11.193,1;10.990,6;11.179,42;5.772.569.600
2016-12-07;10.885,05;10.988,79;10.873,81;10.986,69;4.833.741.824
2016-12-06;10.685;10.786,26;10.668,67;10.775,32;3.531.802.368
2016-12-05;10.494,64;10.730,74;10.493,62;10.684,83;3.561.104.640
2016-12-02;10.436,48;10.545,37;10.402,59;10.513,35;2.917.970.176
2016-12-01;10.593,06;10.627,1;10.502,54;10.534,05;3.309.486.080
2016-11-30;10.615,79;10.691,67;10.606,04;10.640,3;3.830.690.560
2016-11-29;10.562,15;10.624,76;10.539,23;10.620,49;2.609.688.832
2016-11-28;10.655,92;10.658,36;10.554,94;10.582,67;2.385.036.288
2016-11-25;10.700,17;10.710,16;10.649,37;10.699,27;1.948.722.560
2016-11-24;10.689,16;10.715,65;10.653,62;10.689,26;1.866.168.832
2016-11-23;10.718,89;10.742,66;10.602,21;10.662,44;3.234.533.376
2016-11-22;10.745,67;10.767,73;10.707,87;10.713,85;2.864.734.720
2016-11-21;10.697,95;10.727,09;10.595,14;10.685,13;2.611.475.200
2016-11-18;10.735,05;10.737,98;10.649,12;10.664,56;3.546.966.272
2016-11-17;10.640,36;10.686,88;10.604,32;10.685,54;3.116.907.520
2016-11-16;10.726,34;10.735,47;10.610,27;10.663,87;3.527.922.432
2016-11-15;10.720,93;10.748,31;10.666,17;10.735,14;3.245.872.896
2016-11-14;10.750,62;10.802,39;10.677,09;10.693,69;4.044.997.120
2016-11-11;10.702,88;10.714,47;10.584,31;10.667,95;4.375.869.440
2016-11-10;10.710,04;10.793,97;10.575,96;10.630,12;6.150.979.584
2016-11-09;10.181,89;10.646,55;10.174,92;10.646,01;6.392.793.600
2016-11-08;10.449,52;10.486,04;10.414,83;10.482,32;2.596.343.552
2016-11-07;10.410,56;10.456,95;10.381,14;10.456,95;2.778.862.336
2016-11-04;10.281,87;10.286,39;10.212,53;10.259,13;3.140.148.480
2016-11-03;10.341,86;10.406,72;10.325,88;10.325,88;2.981.269.760
2016-11-02;10.443,52;10.460,93;10.368,2;10.370,93;2.972.640.000
2016-11-01;10.724,14;10.730,48;10.506,39;10.526,16;2.668.811.776
2016-10-31;10.658,67;10.687,74;10.634,34;10.665,01;2.577.423.872
2016-10-28;10.634,99;10.716,16;10.583,57;10.696,19;2.751.334.400
2016-10-27;10.691,86;10.772,67;10.656,18;10.717,08;2.955.536.384
2016-10-26;10.726,22;10.737,79;10.632,29;10.709,68;2.761.899.776
2016-10-25;10.786,25;10.827,72;10.738,36;10.757,31;2.842.176.512
2016-10-24;10.743,87;10.820,08;10.743,87;10.761,17;2.616.418.048
2016-10-21;10.710,51;10.737,26;10.672,35;10.710,73;3.216.540.672
2016-10-20;10.665,75;10.748,41;10.592,89;10.701,39;3.199.825.920
2016-10-19;10.626,99;10.672,22;10.587,71;10.645,68;2.494.588.672
2016-10-18;10.560,14;10.657,34;10.543,69;10.631,55;3.010.760.960
2016-10-17;10.544,69;10.583,7;10.491,28;10.503,57;2.246.807.808
2016-10-14;10.450,06;10.615,3;10.449,47;10.580,38;2.953.177.344
2016-10-13;10.425,79;10.430,83;10.349,06;10.414,07;3.069.867.008
2016-10-12;10.572,72;10.604;10.503,2;10.523,07;2.672.170.752
2016-10-11;10.600,94;10.692,36;10.568,72;10.577,16;2.712.696.320
2016-10-10;10.496,01;10.639,41;10.454,98;10.624,08;2.718.971.392
2016-10-07;10.549,69;10.579,09;10.465,35;10.490,86;3.494.976.000
2016-10-06;10.641,13;10.641,13;10.537,68;10.568,8;2.966.803.456
2016-10-05;10.535,62;10.622,44;10.486,63;10.585,78;2.823.106.048
2016-10-04;10.492,97;10.646,72;10.492,25;10.619,61;3.956.244.992
2016-09-30;10.240,69;10.531,26;10.189,94;10.511,02;4.749.592.576
2016-09-29;10.545,6;10.575,34;10.370,23;10.405,54;2.764.182.016
2016-09-28;10.425,89;10.518,36;10.417,15;10.438,34;2.539.031.296
2016-09-27;10.451,4;10.455,88;10.265,69;10.361,48;3.057.155.328
2016-09-26;10.555,19;10.560,83;10.385,63;10.393,71;3.174.774.528
2016-09-23;10.662,49;10.675,62;10.610,95;10.626,97;2.359.674.368
2016-09-22;10.518,53;10.705,4;10.517,8;10.674,18;3.469.935.104
2016-09-21;10.496,43;10.535,25;10.427,22;10.436,49;2.411.066.112
2016-09-20;10.374,68;10.465,95;10.371,62;10.393,86;2.449.123.584
2016-09-19;10.349,87;10.381,93;10.326,75;10.373,87;2.349.239.296
2016-09-16;10.403,67;10.427,2;10.262,19;10.276,17;7.952.812.544
2016-09-15;10.360,84;10.446,4;10.337,23;10.431,2;3.079.092.480
2016-09-14;10.410,3;10.450,41;10.369,72;10.378,4;3.242.625.280
2016-09-13;10.483,07;10.507,04;10.382,85;10.386,6;2.836.036.864
2016-09-12;10.380,46;10.431,9;10.299,38;10.431,77;4.042.305.024
2016-09-09;10.641,81;10.671,66;10.539,31;10.573,44;2.974.281.472
2016-09-08;10.749,82;10.780,42;10.570,06;10.675,29;3.015.638.016
2016-09-07;10.706,86;10.775,93;10.659,73;10.752,98;2.459.660.544
2016-09-06;10.704,89;10.742,49;10.657,43;10.687,14;2.398.182.656
2016-09-05;10.712,17;10.740,39;10.671,55;10.672,22;1.789.703.040
2016-09-02;10.570,7;10.693,64;10.516,81;10.683,82;2.774.963.200
2016-09-01;10.622,33;10.676,32;10.492,29;10.534,31;2.948.616.960
2016-08-31;10.627,18;10.666,81;10.591,44;10.592,69;2.751.692.288
2016-08-30;10.588,71;10.688,48;10.588,48;10.657,64;2.183.854.336
2016-08-29;10.503,88;10.566,69;10.441,81;10.544,44;1.182.477.312
2016-08-26;10.512,21;10.613,06;10.484,03;10.587,77;1.816.539.776
2016-08-25;10.576,56;10.576,56;10.470,73;10.529,59;2.024.142.848
2016-08-24;10.531,14;10.653,17;10.515,16;10.622,97;2.009.244.672
2016-08-23;10.542,95;10.627;10.516,27;10.592,88;2.115.268.352
2016-08-22;10.528,88;10.656,25;10.443,48;10.494,35;2.223.463.936
2016-08-19;10.613,23;10.618,11;10.490,96;10.544,36;2.791.393.024
2016-08-18;10.613,08;10.625,33;10.548,97;10.603,03;1.973.741.056
2016-08-17;10.694,55;10.696,76;10.516,05;10.537,67;2.395.796.736
2016-08-16;10.666,72;10.737,07;10.634,68;10.676,65;2.665.496.832
2016-08-15;10.719,14;10.802,32;10.712,13;10.739,21;1.480.656.512
2016-08-12;10.718,33;10.735,11;10.685,52;10.713,43;2.033.601.152
2016-08-11;10.687,57;10.742,84;10.635,42;10.742,84;2.432.616.960
2016-08-10;10.676,9;10.708,25;10.635,11;10.650,89;2.930.663.680
2016-08-09;10.438,6;10.701,33;10.433,79;10.692,9;3.070.608.384
2016-08-08;10.407,5;10.478,75;10.403,47;10.432,36;2.379.652.864
2016-08-05;10.242,88;10.374,33;10.216,64;10.367,21;2.934.592.000
2016-08-04;10.237,08;10.282,17;10.182,4;10.227,86;2.842.752.000
2016-08-03;10.150,13;10.189,15;10.092,53;10.170,21;2.587.102.976
2016-08-02;10.328,87;10.330,64;10.128,98;10.144,34;3.217.073.408
2016-08-01;10.426,36;10.459,34;10.277,37;10.330,52;2.482.644.736
2016-07-29;10.320,82;10.355,31;10.287,32;10.337,5;3.123.424.512
2016-07-28;10.309,92;10.381,9;10.264,39;10.274,93;3.620.665.600
2016-07-27;10.314,43;10.352,32;10.298,4;10.319,55;2.957.678.592
2016-07-26;10.199,66;10.275,41;10.150;10.247,76;2.261.516.032
2016-07-25;10.155,2;10.264,06;10.125,22;10.198,24;2.034.054.016
2016-07-22;10.130,51;10.181,24;10.073,28;10.147,46;2.008.787.072
2016-07-21;10.195,4;10.195,65;10.090,12;10.156,21;2.983.901.184
2016-07-20;10.054,54;10.146,71;9.991,65;10.142,01;2.961.921.792
2016-07-19;10.038,95;10.050,77;9.923,64;9.981,24;2.312.279.296
2016-07-18;10.079,03;10.160,3;10.011,84;10.063,13;2.206.529.792
2016-07-15;10.031,18;10.098,75;9.987,05;10.066,9;2.762.833.408
2016-07-14;10.058,49;10.109,86;9.984,55;10.068,3;3.211.157.248
2016-07-13;9.941,99;10.001,87;9.919,41;9.930,71;2.899.576.832
2016-07-12;9.850,4;10.013,49;9.841,11;9.964,07;3.258.404.864
2016-07-11;9.744,8;9.841,86;9.690,18;9.833,41;2.618.308.096
2016-07-08;9.392,2;9.655,92;9.389,05;9.629,66;2.977.126.912
2016-07-07;9.437,47;9.507,91;9.399,69;9.418,78;2.757.468.672
2016-07-06;9.449,57;9.530,59;9.304,01;9.373,26;3.779.172.096
2016-07-05;9.656,05;9.659,41;9.506,84;9.532,61;3.142.076.416
2016-07-04;9.797,66;9.808,99;9.701,15;9.709,09;2.062.938.880
2016-07-01;9.742,84;9.806,47;9.657,63;9.776,12;3.220.519.936
2016-06-30;9.566,07;9.695,59;9.513,52;9.680,09;3.963.569.664
2016-06-29;9.557,69;9.640,39;9.506,29;9.612,27;
2016-06-28;9.458,38;9.554,41;9.419,38;9.447,28;4.223.710.720
2016-06-27;9.516,92;9.589,28;9.214,1;9.268,66;6.232.750.592
2016-06-24;9.237,62;9.720,12;9.226,15;9.557,16;10.727.238.656
2016-06-23;10.122,47;10.340,84;10.104,92;10.257,03;3.614.504.704
2016-06-22;10.084,74;10.149,81;10.043,68;10.071,06;2.627.471.872
2016-06-21;9.943,84;10.051,07;9.930,1;10.015,54;2.669.011.712
2016-06-20;9.850,59;9.996,56;9.850,59;9.962,02;3.230.448.128
2016-06-17;9.620,92;9.705,29;9.578,15;9.631,36;5.196.787.200
2016-06-16;9.480,43;9.582,38;9.432,87;9.550,47;3.340.589.824
2016-06-15;9.589,47;9.665,21;9.567,15;9.606,71;3.157.686.784
2016-06-14;9.595,17;9.620,84;9.507,51;9.519,2;3.568.644.608
2016-06-13;9.715,78;9.755,23;9.657,44;9.657,44;3.285.810.432
2016-06-10;10.024,69;10.026,49;9.819,12;9.834,62;3.452.808.960
2016-06-09;10.184,48;10.187,07;10.050,03;10.088,87;2.928.315.904
2016-06-08;10.246,49;10.266,37;10.177,44;10.217,03;2.213.014.784
2016-06-07;10.196,17;10.312,53;10.183,19;10.287,68;2.719.123.712
2016-06-06;10.105,09;10.148,96;10.092,86;10.121,08;1.713.726.336
2016-06-03;10.237,58;10.282,72;10.040,87;10.103,26;3.209.622.784
2016-06-02;10.199,2;10.241,75;10.156,86;10.208;2.365.217.280
2016-06-01;10.242,78;10.283,82;10.160,24;10.204,44;2.818.397.440
2016-05-31;10.356,14;10.365,24;10.243,22;10.262,74;3.906.625.536
2016-05-30;10.293,43;10.338,41;10.286,33;10.333,23;1.423.674.240
2016-05-27;10.257,91;10.298,76;10.241,98;10.286,31;2.495.395.328
2016-05-26;10.213,87;10.286,23;10.207,09;10.272,71;2.742.720.256
2016-05-25;10.143,37;10.233,06;10.130,68;10.205,21;3.552.722.176
2016-05-24;9.798,94;10.077,65;9.773,8;10.057,31;3.600.445.440
2016-05-23;9.891,38;9.971,74;9.811,74;9.842,29;3.177.647.360
2016-05-20;9.878,49;9.921,59;9.852,71;9.916,02;3.153.354.240
2016-05-19;9.847,64;9.899,86;9.773,72;9.795,89;3.685.027.328
2016-05-18;9.828,05;9.946,27;9.811,86;9.943,23;2.606.481.920
2016-05-17;10.016,79;10.080,31;9.846,91;9.890,19;3.306.354.432
2016-05-13;9.794,83;9.979,93;9.767,94;9.952,9;3.125.328.384
2016-05-12;9.899,9;10.078,19;9.838,12;9.862,12;3.753.891.072
2016-05-11;10.055,4;10.055,7;9.950,11;9.975,32;2.813.027.328
2016-05-10;10.057,53;10.106,93;9.994,58;10.045,44;2.903.499.008
2016-05-09;9.929,19;10.068,53;9.878,71;9.980,49;2.658.690.304
2016-05-06;9.805,39;9.917,63;9.737;9.869,95;3.196.742.912
2016-05-05;9.849,7;9.921,37;9.805,55;9.851,86;2.460.943.616
2016-05-04;9.925,25;9.959,42;9.812,73;9.828,25;3.572.359.680
2016-05-03;10.052,55;10.061,95;9.918,43;9.926,77;3.855.804.672
2016-05-02;10.091,17;10.153,9;10.066,34;10.123,27;2.498.756.608
2016-04-29;10.235,47;10.252,08;10.038,97;10.038,97;4.493.308.928
2016-04-28;10.222,11;10.331,93;10.125,52;10.321,15;3.416.793.600
2016-04-27;10.283,1;10.323,25;10.220,57;10.299,83;3.632.449.536
2016-04-26;10.359,77;10.385,23;10.213,55;10.259,59;2.788.585.472
2016-04-25;10.379,16;10.399,3;10.233,42;10.294,35;2.705.661.440
2016-04-22;10.377,22;10.422,86;10.324,83;10.373,49;3.424.083.968
2016-04-21;10.456,99;10.474,38;10.341,97;10.435,73;3.744.342.016
2016-04-20;10.312,64;10.440,13;10.304,14;10.421,29;3.374.121.472
2016-04-19;10.170,18;10.370,8;10.150,67;10.349,59;3.702.526.976
2016-04-18;9.933,7;10.147,85;9.920,9;10.120,31;2.408.077.824
2016-04-15;10.063,89;10.070,04;10.020,34;10.051,57;3.134.910.464
2016-04-14;10.042,28;10.098,44;10.016,17;10.093,65;2.842.146.560
2016-04-13;9.901,13;10.026,1;9.893,42;10.026,1;3.679.041.024
2016-04-12;9.716,75;9.770,47;9.617,83;9.761,47;2.382.229.248
2016-04-11;9.595,56;9.751,93;9.524,66;9.682,99;2.599.766.528
2016-04-08;9.576,4;9.675,03;9.572,57;9.622,26;2.700.078.848
2016-04-07;9.648,55;9.702,18;9.484,75;9.530,62;2.934.446.080
2016-04-06;9.582,46;9.635,91;9.505,9;9.624,51;3.160.854.016
2016-04-05;9.647,81;9.661,3;9.553,17;9.563,36;3.505.048.832
2016-04-04;9.789,77;9.907,05;9.732,82;9.822,08;2.523.389.440
2016-04-01;9.833,26;9.851,31;9.675,5;9.794,64;3.617.976.576
2016-03-31;9.997,44;10.021,34;9.947,02;9.965,51;2.950.319.872
2016-03-30;9.951,68;10.097,7;9.947,26;10.046,61;2.897.283.328
2016-03-29;9.900,88;9.947,03;9.808,48;9.887,94;2.262.522.112
2016-03-24;9.974,6;9.977,99;9.845,37;9.851,35;2.682.001.152
2016-03-23;10.046,94;10.112,17;9.964,63;10.022,93;3.017.941.760
2016-03-22;9.836,28;9.990;9.762,57;9.990;2.793.933.568
2016-03-21;9.893,26;10.095,46;9.863,83;9.948,64;2.869.096.704
2016-03-18;9.905,67;9.961,48;9.822,52;9.950,8;8.494.747.648
2016-03-17;10.051,69;10.055,29;9.753,04;9.892,2;3.903.401.728
2016-03-16;9.971,04;10.021,7;9.917,92;9.983,41;3.237.577.216
2016-03-15;9.941,46;9.973,58;9.890,12;9.933,85;2.655.412.992
2016-03-14;9.948,21;10.039,61;9.936,06;9.990,26;3.042.022.912
2016-03-11;9.672,05;9.833,9;9.642,79;9.831,13;3.800.439.296
2016-03-10;9.697,64;9.995,84;9.498,15;9.498,15;6.030.106.624
2016-03-09;9.700,16;9.838,95;9.679,19;9.723,09;3.439.289.856
2016-03-08;9.688,47;9.785,05;9.617,69;9.692,82;3.311.015.680
2016-03-07;9.764,08;9.803,73;9.690;9.778,93;2.519.621.888
2016-03-04;9.800,86;9.899,11;9.742,76;9.824,17;3.380.773.376
2016-03-03;9.807,06;9.808,52;9.709,68;9.751,92;3.003.942.400
2016-03-02;9.780,84;9.837,11;9.695,98;9.776,62;3.515.852.032
2016-03-01;9.482,66;9.719,02;9.471,09;9.717,16;3.361.669.888
2016-02-29;9.424,93;9.498,57;9.332,42;9.495,4;3.332.891.904
2016-02-26;9.454,52;9.576,88;9.436,33;9.513,3;3.543.656.192
2016-02-25;9.277,02;9.391,31;9.199,09;9.331,48;3.393.822.976
2016-02-24;9.396,48;9.415,33;9.125,19;9.167,8;3.577.020.416
2016-02-23;9.503,12;9.535,12;9.405,22;9.416,77;2.944.217.088
2016-02-22;9.481,37;9.581,45;9.477,69;9.573,59;2.807.951.872
2016-02-19;9.420,51;9.474,02;9.319,1;9.388,05;3.694.096.128
2016-02-18;9.428,01;9.551,87;9.349,95;9.463,64;3.655.541.504
2016-02-17;9.174,28;9.394,62;9.156,14;9.377,21;3.617.709.568
2016-02-16;9.242,75;9.269,06;9.079,19;9.135,11;3.089.120.256
2016-02-15;9.163,54;9.249,46;9.134,76;9.206,84;3.569.944.832
2016-02-12;8.854,4;8.967,51;8.815,77;8.967,51;4.154.094.592
2016-02-11;8.887,89;8.899,57;8.699,29;8.752,87;4.673.121.280
2016-02-10;8.937,98;9.128,54;8.875,45;9.017,29;4.044.150.784
2016-02-09;8.980,71;9.041,9;8.772,88;8.879,4;4.998.994.432
2016-02-08;9.329,87;9.337,52;8.937,98;8.979,36;4.875.351.552
2016-02-05;9.375,29;9.469,71;9.250,84;9.286,23;4.369.835.520
2016-02-04;9.522,67;9.539,92;9.270,09;9.393,36;4.731.516.416
2016-02-03;9.541,53;9.577,2;9.350,98;9.434,82;4.300.801.024
2016-02-02;9.721,18;9.729,23;9.536,97;9.581,04;3.541.710.848
2016-02-01;9.823,73;9.827,1;9.638,58;9.757,88;3.072.775.936
2016-01-29;9.772,58;9.798,38;9.656,36;9.798,11;4.079.750.400
2016-01-28;9.826,28;9.905,08;9.594,8;9.639,59;3.905.354.496
2016-01-27;9.781,42;9.880,82;9.728,64;9.880,82;3.282.937.856
2016-01-26;9.599,56;9.867,18;9.563,64;9.822,75;3.895.965.184
2016-01-25;9.790,44;9.800,49;9.681,7;9.736,15;3.197.269.248
2016-01-22;9.762,55;9.837,62;9.704,9;9.764,88;4.370.950.656
2016-01-21;9.400,69;9.656,33;9.348,74;9.574,16;4.963.624.448
2016-01-20;9.430,13;9.490,45;9.314,57;9.391,64;4.825.819.136
2016-01-19;9.722,64;9.756,14;9.626,65;9.664,21;3.396.201.216
2016-01-18;9.542,6;9.657,94;9.457,95;9.521,85;3.383.297.536
2016-01-15;9.778,36;9.832,92;9.459,09;9.545,27;5.862.219.264
2016-01-14;9.836,85;9.884,27;9.614,77;9.794,2;5.324.136.448
2016-01-13;10.112,35;10.164,05;9.929,07;9.960,96;3.430.627.328
2016-01-12;9.832,82;10.092,67;9.832,82;9.985,43;3.708.558.080
2016-01-11;9.814,04;9.978,69;9.813,02;9.825,07;3.578.257.664
2016-01-08;10.010,47;10.122,46;9.849,34;9.849,34;3.938.901.760
2016-01-07;10.144,17;10.145,47;9.810,47;9.979,85;5.048.312.832
2016-01-06;10.288,68;10.288,68;10.094,18;10.214,02;3.592.296.704
2016-01-05;10.373,27;10.384,26;10.173,52;10.310,1;3.470.784.256
2016-01-04;10.485,81;10.485,91;10.248,58;10.283,44;4.934.835.712
2015-12-30;10.855,17;10.857,43;10.743,01;10.743,01;1.395.427.456
2015-12-29;10.744,96;10.860,14;10.731,63;10.860,14;1.984.780.416
2015-12-28;10.748,37;10.756,17;10.627,46;10.653,91;1.255.261.824
2015-12-23;10.623,56;10.743,32;10.595,27;10.727,64;2.605.014.528
2015-12-22;10.598,19;10.623,98;10.400,61;10.488,75;2.520.793.344
2015-12-21;10.607,2;10.796,03;10.497,77;10.497,77;3.135.258.880
2015-12-18;10.639,98;10.735,85;10.543,05;10.608,19;8.456.462.336
2015-12-17;10.685,3;10.829,62;10.656,39;10.738,12;4.655.305.728
2015-12-16;10.476,06;10.572,55;10.423,78;10.469,26;3.097.020.416
2015-12-15;10.239,8;10.482,75;10.237,48;10.450,38;3.988.668.160
2015-12-14;10.406,71;10.448,65;10.122,95;10.139,34;3.950.923.008
2015-12-11;10.572,86;10.596,03;10.294,25;10.340,06;4.054.492.416
2015-12-10;10.547,52;10.662,77;10.500,03;10.598,93;3.117.427.456
2015-12-09;10.719,7;10.719,7;10.554,54;10.592,49;3.782.085.376
2015-12-08;10.872,68;10.895,5;10.616,24;10.673,6;3.563.608.832
2015-12-07;10.832,42;10.992,55;10.806,52;10.886,09;2.924.958.208
2015-12-04;10.770,16;10.814,82;10.632,77;10.752,1;4.450.473.472
2015-12-03;11.173,79;11.318,8;10.780,63;10.789,24;6.836.425.728
2015-12-02;11.301,51;11.329,79;11.188,03;11.190,02;3.400.502.528
2015-12-01;11.422,47;11.430,38;11.235,97;11.261,24;4.566.501.888
2015-11-30;11.268,31;11.430,87;11.253,37;11.382,23;4.228.451.328
2015-11-27;11.277,91;11.354,01;11.247,14;11.293,76;2.593.300.224
2015-11-26;11.180,94;11.366,37;11.176,56;11.320,77;3.375.746.132
2015-11-25;10.958,4;11.186,68;10.921,71;11.169,54;3.533.727.488
2015-11-24;11.064,78;11.064,96;10.869,2;10.933,99;3.590.022.656
2015-11-23;11.105,92;11.126,34;11.049,99;11.092,31;2.480.625.920
2015-11-20;11.123,81;11.164,3;11.049,35;11.119,83;3.186.330.880
2015-11-19;11.061,88;11.150,74;11.045,53;11.085,44;3.075.566.848
2015-11-18;10.901,74;10.989,55;10.877,6;10.959,95;2.472.055.552
2015-11-17;10.810,92;10.971,04;10.782,91;10.971,04;3.094.149.120
2015-11-16;10.609,14;10.763,65;10.608,83;10.713,23;2.589.045.248
2015-11-13;10.764,57;10.811,78;10.607,46;10.708,4;3.356.335.872
2015-11-12;10.895,74;10.957,61;10.735,17;10.782,63;3.483.023.360
2015-11-11;10.843,68;10.994,54;10.843,68;10.907,87;3.117.081.088
2015-11-10;10.846,96;10.863,56;10.728,95;10.832,52;2.911.782.144
2015-11-09;10.993,24;10.995,48;10.807,17;10.815,45;3.000.782.336
2015-11-06;10.872,98;11.055,45;10.843,48;10.988,03;3.922.260.480
2015-11-05;10.847,5;10.963,9;10.784,28;10.887,74;3.944.919.296
2015-11-04;10.957,06;10.990,72;10.825,55;10.845,24;4.136.339.968
2015-11-03;10.945,35;10.972,28;10.883,94;10.951,15;3.200.905.984
2015-11-02;10.749,98;10.977,18;10.744,37;10.950,67;3.302.227.456
2015-10-30;10.842,52;10.850,58;10.748,7;10.850,14;3.426.702.336
2015-10-29;10.867,19;10.886,98;10.741,14;10.800,84;3.984.736.000
2015-10-28;10.728,16;10.848,41;10.691,63;10.831,96;3.012.986.368
2015-10-27;10.761,37;10.807,41;10.692,19;10.692,19;3.147.072.256
2015-10-26;10.791,18;10.863,09;10.756,83;10.801,34;2.915.610.112
2015-10-23;10.610,33;10.847,47;10.586,96;10.794,54;5.170.667.008
2015-10-22;10.213,01;10.508,25;10.194,74;10.491,97;4.282.964.224
2015-10-21;10.185,42;10.277,59;10.107,92;10.238,1;2.738.825.728
2015-10-20;10.174,8;10.194,53;10.080,19;10.147,68;2.391.706.112
2015-10-19;10.084,61;10.205,03;10.084,61;10.164,31;2.425.970.688
2015-10-16;10.128,81;10.166,79;10.058,53;10.104,43;3.706.626.304
2015-10-15;9.999,64;10.088,47;9.957,39;10.064,8;3.351.030.528
2015-10-14;9.948,49;10.036,23;9.890,46;9.915,85;3.313.645.568
2015-10-13;10.106,67;10.107,86;9.939,96;10.032,82;3.539.460.608
2015-10-12;10.128,49;10.187,09;10.057,59;10.119,83;3.161.461.248
2015-10-09;10.100,78;10.146,88;10.049,39;10.096,6;3.681.158.912
2015-10-08;9.942,78;10.027,42;9.911,05;9.993,07;3.558.046.208
2015-10-07;9.968,56;10.093,1;9.932,42;9.970,4;4.321.100.288
2015-10-06;9.804,42;9.957,92;9.730,41;9.902,83;3.472.808.960
2015-10-05;9.691,65;9.854,77;9.647,17;9.814,79;4.031.017.984
2015-10-02;9.606,59;9.667,54;9.396,34;9.553,07;4.081.097.216
2015-10-01;9.757,04;9.788,27;9.471,36;9.509,25;4.003.804.416
2015-09-30;9.674,61;9.732,54;9.596,95;9.660,44;3.952.666.880
2015-09-29;9.346,04;9.536,63;9.325,05;9.450,4;4.065.548.544
2015-09-28;9.633,68;9.677,25;9.479,4;9.483,55;3.822.843.136
2015-09-25;9.594,53;9.745,77;9.585,33;9.688,53;4.614.789.120
2015-09-24;9.599,91;9.707,69;9.362,28;9.427,64;6.375.330.304
2015-09-23;9.578,1;9.712,46;9.492,86;9.612,62;4.970.325.504
2015-09-22;9.974,41;9.974,8;9.558,96;9.570,66;6.837.352.960
2015-09-21;9.837,13;10.000,62;9.785,11;9.948,51;5.553.851.904
2015-09-18;10.177,6;10.180,5;9.861,51;9.916,16;10.956.764.160
2015-09-17;10.269,3;10.273,3;10.208,5;10.229,6;3.576.631.040
2015-09-16;10.288,4;10.336,2;10.174;10.227,2;3.629.419.008
2015-09-15;10.154,8;10.244,9;10.070,2;10.188,1;3.579.431.680
2015-09-14;10.112,9;10.225,4;10.084,9;10.131,7;2.661.689.600
2015-09-11;10.243,4;10.243,4;10.079;10.123,6;2.591.293.952
2015-09-10;10.216;10.326,5;10.157,4;10.210,4;3.312.846.592
2015-09-09;10.489,3;10.512,6;10.301,2;10.303,1;3.797.358.080
2015-09-08;10.198,6;10.371,9;10.198,5;10.271,4;3.360.094.208
2015-09-07;10.148,8;10.184,6;10.055,1;10.108,6;1.830.754.816
2015-09-04;10.216,2;10.216,2;9.996,16;10.038;4.249.371.648
2015-09-03;10.161,4;10.380,4;10.145,7;10.317,8;4.205.767.168
2015-09-02;10.060,3;10.122,3;9.962,25;10.048;3.009.178.624
2015-09-01;10.073,7;10.119,5;9.928,65;10.015,6;3.943.579.904
2015-08-31;10.201;10.273,5;10.132,2;10.259,5;2.596.213.504
2015-08-28;10.335,9;10.336,9;10.186,1;10.298,5;2.957.873.920
2015-08-27;10.271,3;10.383;10.222;10.315,6;4.380.869.120
2015-08-26;9.956,85;10.160;9.853,12;9.997,43;5.021.307.392
2015-08-25;9.816,59;10.185,9;9.748,92;10.128,1;7.774.595.072
2015-08-24;9.805,72;9.935,53;9.338,2;9.648,43;10.879.538.176
2015-08-21;10.228,7;10.437,3;10.124,5;10.124,5;6.499.942.400
2015-08-20;10.593,3;10.654,5;10.401;10.432,2;4.668.115.456
2015-08-19;10.819,8;10.848,8;10.681,4;10.682,2;3.493.091.840
2015-08-18;10.916,7;10.976;10.883,1;10.915,9;2.459.660.800
2015-08-17;11.044,8;11.113,8;10.818,7;10.940,3;3.020.282.624
2015-08-14;11.010,5;11.093,1;10.911,2;10.985,1;2.770.473.984
2015-08-13;11.098,2;11.154;10.980,9;11.014,6;3.624.656.384
2015-08-12;11.151,7;11.153,6;10.892,9;10.924,6;5.477.437.440
2015-08-11;11.548;11.561;11.278,7;11.293,7;4.122.632.448
2015-08-10;11.545,6;11.618,3;11.431,8;11.604,8;2.517.981.696
2015-08-07;11.561,4;11.582,9;11.484,8;11.490,8;2.722.007.296
2015-08-06;11.605,6;11.669,9;11.575;11.585,1;2.835.405.056
2015-08-05;11.503,2;11.655,7;11.497,9;11.636,3;3.518.704.128
2015-08-04;11.408,2;11.476,9;11.380,8;11.456,1;3.028.223.744
2015-08-03;11.295,5;11.460,4;11.248,3;11.443,7;3.450.943.488
2015-07-31;11.271,3;11.309;11.173,2;11.309;4.045.917.696
2015-07-30;11.305,5;11.313,3;11.140,7;11.257,2;3.940.568.064
2015-07-29;11.249,3;11.253,6;11.123,2;11.211,8;3.745.142.528
2015-07-28;11.129,9;11.242,4;11.068,3;11.173,9;3.474.793.984
2015-07-27;11.287,8;11.297,5;11.052,9;11.056,4;4.017.193.216
2015-07-24;11.467,8;11.542,9;11.334,8;11.347,5;3.483.372.800
2015-07-23;11.611,4;11.614,8;11.453,6;11.512,1;3.099.000.064
2015-07-22;11.511,2;11.589,6;11.486,3;11.520,7;2.922.986.240
2015-07-21;11.760;11.773,5;11.583,9;11.604,8;2.989.307.136
2015-07-20;11.679,5;11.802,4;11.678,1;11.735,72;2.942.199.040
2015-07-17;11.747,5;11.753,2;11.649,9;11.673,42;3.227.196.160
2015-07-16;11.624,5;11.787,6;11.607,1;11.716,76;4.129.403.136
2015-07-15;11.508,3;11.566;11.476;11.539,66;3.207.243.776
2015-07-14;11.456,5;11.519,4;11.414,4;11.516,9;3.283.964.928
2015-07-13;11.489,2;11.507;11.421,8;11.484,38;4.458.290.176
2015-07-10;11.170,7;11.339,8;11.149,3;11.315,63;4.698.516.992
2015-07-09;10.795,1;11.035;10.784,5;10.996,41;3.800.751.360
2015-07-08;10.710,3;10.802,8;10.652,8;10.747,3;4.613.775.360
2015-07-07;10.930;10.946,9;10.664;10.676,78;4.658.383.872
2015-07-06;10.825,1;10.996,5;10.823,5;10.890,63;4.174.252.800
2015-07-03;11.082;11.123,2;11.005,8;11.058,39;2.731.188.480
2015-07-02;11.191,3;11.229;11.078,6;11.099,35;3.080.353.792
2015-07-01;11.050,3;11.283,8;10.979,2;11.180,5;5.429.113.856
2015-06-30;11.058;11.137,1;10.898;10.944,97;6.099.054.592
2015-06-29;11.404,7;11.409,8;10.964,2;11.083,2;5.816.801.280
2015-06-26;11.387,1;11.561,8;11.373,4;11.492,43;3.928.261.888
2015-06-25;11.410,6;11.594,2;11.352,4;11.473,13;3.217.095.424
2015-06-24;11.566,3;11.589,3;11.364,5;11.471,26;4.158.693.888
2015-06-23;11.553;11.635,8;11.517,1;11.542,54;4.059.373.568
2015-06-22;11.138,7;11.470,2;11.138,5;11.460,5;5.415.828.480
2015-06-19;11.121,3;11.246,3;10.997,9;11.040,1;8.947.852.288
2015-06-18;10.937,7;11.109,8;10.806,2;11.100,3;4.228.826.112
2015-06-17;11.066,8;11.115,4;10.947,4;10.978,01;3.298.829.568
2015-06-16;10.910;11.074,3;10.797,8;11.044,01;3.788.167.168
2015-06-15;11.053,2;11.090,7;10.952,7;10.984,97;3.432.038.656
2015-06-12;11.286,6;11.365,9;11.069,4;11.196,49;3.775.110.656
2015-06-11;11.242,9;11.452,9;11.236,6;11.332,78;4.109.084.672
2015-06-10;10.970,4;11.299,6;10.939,5;11.265,39;4.579.228.672
2015-06-09;11.025,1;11.071,6;10.864,7;11.001,29;4.328.259.584
2015-06-08;11.131,9;11.224,6;11.059,2;11.064,92;3.916.630.784
2015-06-05;11.241,4;11.287,2;11.155;11.197,15;3.900.356.096
2015-06-04;11.370,6;11.449,7;11.187,4;11.340,6;4.058.475.264
2015-06-03;11.359,8;11.515,2;11.300,4;11.419,62;3.877.678.848
2015-06-02;11.467,1;11.467,1;11.270,6;11.328,8;3.863.362.816
2015-06-01;11.463;11.510,9;11.345,1;11.436,05;3.412.643.328
2015-05-29;11.685,7;11.704,4;11.403,8;11.413,82;5.423.206.912
2015-05-28;11.716,1;11.773,8;11.606;11.677,57;3.535.494.144
2015-05-27;11.647;11.790,3;11.595,1;11.771,13;4.290.325.504
2015-05-26;11.841,5;11.920,3;11.586,3;11.625,13;4.163.840.512
2015-05-22;11.881,5;11.881,8;11.792,3;11.815,01;2.710.441.728
2015-05-21;11.815,4;11.868,7;11.758,8;11.864,59;2.946.656.512
2015-05-20;11.858,5;11.871,5;11.780;11.848,47;3.017.142.016
2015-05-19;11.709,9;11.873,3;11.706,8;11.853,33;4.722.672.128
2015-05-18;11.464,8;11.595;11.378,9;11.594,28;3.485.086.208
2015-05-15;11.593,2;11.632,4;11.383,2;11.447,03;4.614.958.080
2015-05-14;11.299,2;11.579,8;11.218,5;11.559,82;3.248.489.216
2015-05-13;11.533;11.596,5;11.301,6;11.351,46;4.391.867.392
2015-05-12;11.558;11.565,2;11.377,3;11.472,41;4.676.407.808
2015-05-11;11.674,5;11.702,1;11.622;11.673,35;3.163.375.104
2015-05-08;11.483,1;11.710,4;11.415,3;11.709,73;5.025.996.800
2015-05-07;11.265,1;11.437,6;11.167,5;11.407,97;5.204.622.848
2015-05-06;11.377,6;11.457,9;11.239,9;11.350,15;5.016.578.560
2015-05-05;11.576,1;11.751,2;11.322,6;11.327,68;5.423.909.888
2015-05-04;11.506,8;11.656,9;11.411,8;11.619,85;3.765.985.792
2015-04-30;11.440,8;11.570,6;11.331,4;11.454,38;5.862.318.592
2015-04-29;11.864,4;11.885;11.410,5;11.432,72;6.022.741.504
2015-04-28;12.035,6;12.047,4;11.743,8;11.811,66;4.909.863.936
2015-04-27;11.881,2;12.050,7;11.729;12.039,16;5.011.589.632
2015-04-24;11.783,6;11.881;11.711,1;11.810,85;4.205.450.240
2015-04-23;11.887,1;11.940,2;11.675,6;11.723,58;4.690.657.280
2015-04-22;11.984,4;12.041,4;11.787,2;11.867,37;4.050.953.216
2015-04-21;11.994,8;12.079;11.913,4;11.939,58;4.059.284.224
2015-04-20;11.736,4;11.903,7;11.727;11.891,91;3.574.904.064
2015-04-17;11.942,4;12.019,8;11.674,6;11.688,7;6.477.179.392
2015-04-16;12.224,8;12.227,6;11.997,8;11.998,86;4.370.874.880
2015-04-15;12.220,1;12.326,1;12.214,8;12.231,34;3.230.309.632
2015-04-14;12.306,4;12.339,8;12.181,2;12.227,6;3.308.902.144
2015-04-13;12.357,3;12.388,1;12.326,7;12.338,73;2.912.969.728
2015-04-10;12.227;12.390,8;12.214,5;12.374,73;3.999.776.512
2015-04-09;12.099,4;12.166,4;12.047,9;12.166,44;2.901.241.856
2015-04-08;12.109,8;12.122,3;12.017,8;12.035,86;3.254.320.128
2015-04-07;12.057,3;12.149,3;12.035,7;12.123,52;3.958.715.392
2015-04-02;11.991,6;12.020,1;11.948,8;11.967,39;3.112.473.856
2015-04-01;11.902,9;12.113;11.880,2;12.001,4;4.093.583.150
2015-03-31;12.054,2;12.119,7;11.943,1;11.966,17;4.244.344.320
2015-03-30;11.927,1;12.090,1;11.922,7;12.086,01;3.543.490.304
2015-03-27;11.920,2;11.954,1;11.799;11.868,33;4.216.179.968
2015-03-26;11.736,3;11.849,4;11.619,7;11.843,68;5.514.585.088
2015-03-25;11.995,1;12.022,8;11.858,2;11.865,32;3.752.073.216
2015-03-24;11.821,2;12.030,6;11.797,7;12.005,69;4.336.109.568
2015-03-23;11.984,8;11.985,1;11.858,1;11.895,84;4.084.574.208
2015-03-20;11.942,2;12.087,6;11.926,9;12.039,37;8.750.580.736
2015-03-19;11.897,5;12.001,1;11.787,3;11.899,4;5.198.669.824
2015-03-18;12.002,2;12.017,9;11.814,5;11.922,77;5.512.943.104
2015-03-17;12.163,1;12.195,6;11.930,5;11.980,85;5.182.921.728
2015-03-16;11.955,8;12.219;11.955,3;12.167,72;5.138.553.344
2015-03-13;11.845,9;11.903,3;11.744,9;11.901,61;4.045.115.136
2015-03-12;11.795,9;11.830,1;11.754,9;11.799,39;4.596.362.752
2015-03-11;11.531,5;11.822,5;11.531,5;11.805,99;4.795.340.800
2015-03-10;11.556;11.577,8;11.402,7;11.500,38;3.876.815.104
2015-03-09;11.510,3;11.586,9;11.461,9;11.582,11;3.151.531.264
2015-03-06;11.513,9;11.600,4;11.495,2;11.550,97;3.550.495.232
2015-03-05;11.427,6;11.532,8;11.409;11.504,01;3.777.176.832
2015-03-04;11.317,2;11.390,4;11.193,3;11.390,38;3.742.582.016
2015-03-03;11.424,7;11.465,2;11.280,4;11.280,36;3.704.399.872
2015-03-02;11.408,3;11.455,1;11.362,9;11.410,36;3.709.458.944
2015-02-27;11.337,1;11.401,7;11.301,3;11.401,66;4.565.549.056
2015-02-26;11.206,7;11.330,6;11.187;11.327,19;3.930.627.584
2015-02-25;11.208,3;11.225,6;11.174,8;11.210,27;3.384.305.408
2015-02-24;11.128,2;11.228,4;11.090,7;11.205,74;3.271.624.448
2015-02-23;11.150,5;11.158,5;11.069,8;11.130,92;3.102.780.928
2015-02-20;10.976,8;11.081,8;10.946,9;11.050,64;6.012.160.000
2015-02-19;10.932,5;11.022,3;10.875;11.001,94;3.705.707.776
2015-02-18;10.931,7;10.981;10.909,6;10.961;2.885.342.208
2015-02-17;10.847,7;10.921,3;10.765;10.895,62;3.224.536.832
2015-02-16;10.946,9;10.963,5;10.909,5;10.923,23;2.373.652.224
2015-02-13;10.952,4;11.013,8;10.948,5;10.963,4;3.866.446.592
2015-02-12;10.746,9;10.955,5;10.746,9;10.919,65;4.295.373.312
2015-02-11;10.765;10.791,6;10.696,8;10.752,11;2.728.994.560
2015-02-10;10.675,6;10.797,5;10.594,3;10.753,83;3.786.231.040
2015-02-09;10.765,2;10.767,2;10.614,1;10.663,51;4.322.019.840
2015-02-06;10.866,2;10.877,7;10.802,9;10.846,39;3.261.815.808
2015-02-05;10.840,8;10.926,7;10.822,8;10.905,41;3.703.339.264
2015-02-04;10.892,5;10.912,2;10.803,1;10.911,32;3.914.018.560
2015-02-03;10.867,6;10.984,7;10.860;10.890,95;5.097.735.168
2015-02-02;10.719,2;10.828;10.677,4;10.828,01;4.016.582.656
2015-01-30;10.801,4;10.804;10.642,6;10.694,32;4.730.277.888
2015-01-29;10.666,4;10.743,6;10.607,7;10.737,87;3.854.731.264
2015-01-28;10.719,4;10.728,8;10.552,8;10.710,97;4.538.369.536
2015-01-27;10.785,9;10.810,6;10.592,5;10.628,58;5.118.383.616
2015-01-26;10.593;10.807,6;10.589,1;10.798,33;4.384.065.536
2015-01-23;10.503,3;10.704,3;10.502,8;10.649,58;7.153.049.088
2015-01-22;10.300,3;10.454;10.228,5;10.435,62;6.070.895.616
2015-01-21;10.270,3;10.311,9;10.149,8;10.299,23;4.622.964.224
2015-01-20;10.283,5;10.298,4;10.211,4;10.257,13;4.278.716.928
2015-01-19;10.231,6;10.293;10.192;10.242,35;3.331.457.024
2015-01-16;9.985,51;10.208;9.940,64;10.167,77;5.498.756.608
2015-01-15;9.933,45;10.063,2;9.637,33;10.032,61;5.817.427.968
2015-01-14;9.810,7;9.962,98;9.768,1;9.817,08;4.188.562.432
2015-01-13;9.759,57;9.978,94;9.755,02;9.941;4.227.558.912
2015-01-12;9.697,46;9.815,96;9.622,32;9.781,9;3.733.371.392
2015-01-09;9.813,99;9.860,18;9.601,75;9.648,5;4.070.871.808
2015-01-08;9.643,77;9.855,43;9.607,9;9.837,61;4.228.345.600
2015-01-07;9.510,34;9.592,37;9.459,18;9.518,18;2.991.222.016
2015-01-06;9.484,25;9.624,65;9.382,82;9.469,66;3.585.974.016
2015-01-05;9.735,65;9.790,27;9.468,58;9.473,16;3.995.686.912
2015-01-02;9.869,13;9.879,53;9.687,26;9.764,73;2.500.643.328





